insert into authors (id, first_name, last_name) values (1, 'Mirabelle', 'Fries');
insert into authors (id, first_name, last_name) values (2, 'Kendal', 'McDaid');
insert into authors (id, first_name, last_name) values (3, 'Calli', 'Stansbie');
insert into authors (id, first_name, last_name) values (4, 'Luci', 'Mayell');
insert into authors (id, first_name, last_name) values (5, 'Skippie', 'Birkby');
insert into authors (id, first_name, last_name) values (6, 'Bonita', 'Vaggs');
insert into authors (id, first_name, last_name) values (7, 'Mannie', 'Stilwell');
insert into authors (id, first_name, last_name) values (8, 'Iosep', 'Di Pietro');
insert into authors (id, first_name, last_name) values (9, 'Elli', 'Doumic');
insert into authors (id, first_name, last_name) values (10, 'Debra', 'Davidsohn');
insert into authors (id, first_name, last_name) values (11, 'Hal', 'Blackbourn');
insert into authors (id, first_name, last_name) values (12, 'Waverley', 'Bragge');
insert into authors (id, first_name, last_name) values (13, 'Cthrine', 'Henken');
insert into authors (id, first_name, last_name) values (14, 'Orville', 'Meffan');
insert into authors (id, first_name, last_name) values (15, 'Tera', 'Mocher');
insert into authors (id, first_name, last_name) values (16, 'Brade', 'O'' Brian');
insert into authors (id, first_name, last_name) values (17, 'Emelyne', 'Kibble');
insert into authors (id, first_name, last_name) values (18, 'Mike', 'Najara');
insert into authors (id, first_name, last_name) values (19, 'Eadmund', 'Ximenez');
insert into authors (id, first_name, last_name) values (20, 'Jimmie', 'Dickin');
insert into authors (id, first_name, last_name) values (21, 'Brennan', 'Katt');

insert into books (id, price, price_old, title, author_id) values (1, 720, 2294, 'Latlux', 6);
insert into books (id, price, price_old, title, author_id) values (2, 914, 2539, 'Gembucket', 18);
insert into books (id, price, price_old, title, author_id) values (3, 380, 2142, 'Tempsoft', 16);
insert into books (id, price, price_old, title, author_id) values (4, 893, 1188, 'Ventosanzap', 16);
insert into books (id, price, price_old, title, author_id) values (5, 622, 2293, 'Tres-Zap', 3);
insert into books (id, price, price_old, title, author_id) values (6, 410, 3133, 'Tresom', 8);
insert into books (id, price, price_old, title, author_id) values (7, 757, 1536, 'Fintone', 2);
insert into books (id, price, price_old, title, author_id) values (8, 988, 3643, 'Job', 4);
insert into books (id, price, price_old, title, author_id) values (9, 827, 647, 'Wrapsafe', 6);
insert into books (id, price, price_old, title, author_id) values (10, 549, 3813, 'Zoolab', 21);
insert into books (id, price, price_old, title, author_id) values (11, 794, 2450, 'Quo Lux', 16);
insert into books (id, price, price_old, title, author_id) values (12, 821, 1577, 'Bitwolf', 15);
insert into books (id, price, price_old, title, author_id) values (13, 476, 3943, 'It', 2);
insert into books (id, price, price_old, title, author_id) values (14, 752, 3509, 'Bitchip', 12);
insert into books (id, price, price_old, title, author_id) values (15, 821, 2158, 'Ventosanzap', 9);
insert into books (id, price, price_old, title, author_id) values (16, 702, 2011, 'Bytecard', 9);
insert into books (id, price, price_old, title, author_id) values (17, 459, 516, 'Sub-Ex', 14);
insert into books (id, price, price_old, title, author_id) values (18, 717, 1822, 'Quo Lux', 4);
insert into books (id, price, price_old, title, author_id) values (19, 627, 2221, 'Quo Lux', 2);
insert into books (id, price, price_old, title, author_id) values (20, 851, 2603, 'Quo Lux', 2);
insert into books (id, price, price_old, title, author_id) values (21, 755, 1910, 'Bitwolf', 13);

insert into users (id, name, email) values (1, 'Sonsing', 'mcurle0@psu.edu');
insert into users (id, name, email) values (2, 'Zaam-Dox', 'gschiell1@people.com.cn');
insert into users (id, name, email) values (3, 'Y-find', 'smales2@hibu.com');
insert into users (id, name, email) values (4, 'Cookley', 'ggenge3@youku.com');
insert into users (id, name, email) values (5, 'Konklux', 'gabbado4@chronoengine.com');
insert into users (id, name, email) values (6, 'Sub-Ex', 'mpride5@cloudflare.com');
insert into users (id, name, email) values (7, 'Home Ing', 'aduiguid6@reddit.com');
insert into users (id, name, email) values (8, 'Fintone', 'tplover7@issuu.com');
insert into users (id, name, email) values (9, 'Zontrax', 'mcrookall8@pinterest.com');
insert into users (id, name, email) values (10, 'Subin', 'rspellesy9@geocities.com');
insert into users (id, name, email) values (11, 'Aerified', 'rtolcharda@shinystat.com');
insert into users (id, name, email) values (12, 'Alpha', 'cdukelowb@shinystat.com');
insert into users (id, name, email) values (13, 'Zaam-Dox', 'mdowderswellc@ftc.gov');
insert into users (id, name, email) values (14, 'Stim', 'hlarchierd@sohu.com');
insert into users (id, name, email) values (15, 'Solarbreeze', 'hpetigrewe@senate.gov');

insert into user_book (user_id, book_id) values (2, 20);
insert into user_book (user_id, book_id) values (12, 8);
insert into user_book (user_id, book_id) values (15, 1);
insert into user_book (user_id, book_id) values (13, 15);
insert into user_book (user_id, book_id) values (10, 18);
insert into user_book (user_id, book_id) values (1, 10);
insert into user_book (user_id, book_id) values (3, 17);
insert into user_book (user_id, book_id) values (14, 7);
insert into user_book (user_id, book_id) values (6, 17);
insert into user_book (user_id, book_id) values (11, 6);
insert into user_book (user_id, book_id) values (14, 19);
insert into user_book (user_id, book_id) values (1, 11);
insert into user_book (user_id, book_id) values (6, 2);
insert into user_book (user_id, book_id) values (5, 19);
insert into user_book (user_id, book_id) values (9, 12);
insert into user_book (user_id, book_id) values (10, 2);
insert into user_book (user_id, book_id) values (4, 10);
insert into user_book (user_id, book_id) values (15, 9);
insert into user_book (user_id, book_id) values (15, 10);
insert into user_book (user_id, book_id) values (15, 4);
insert into user_book (user_id, book_id) values (14, 1);
insert into user_book (user_id, book_id) values (1, 18);
insert into user_book (user_id, book_id) values (10, 10);
insert into user_book (user_id, book_id) values (5, 12);
insert into user_book (user_id, book_id) values (12, 2);
insert into user_book (user_id, book_id) values (9, 9);
insert into user_book (user_id, book_id) values (8, 16);
insert into user_book (user_id, book_id) values (6, 16);
insert into user_book (user_id, book_id) values (11, 15);
insert into user_book (user_id, book_id) values (13, 8);
