insert into authors (id, first_name, last_name) values (1, 'Mirabelle', 'Fries');
insert into authors (id, first_name, last_name) values (2, 'Kendal', 'McDaid');
insert into authors (id, first_name, last_name) values (3, 'Calli', 'Stansbie');
insert into authors (id, first_name, last_name) values (4, 'Luci', 'Mayell');
insert into authors (id, first_name, last_name) values (5, 'Skippie', 'Birkby');
insert into authors (id, first_name, last_name) values (6, 'Bonita', 'Vaggs');
insert into authors (id, first_name, last_name) values (7, 'Mannie', 'Stilwell');
insert into authors (id, first_name, last_name) values (8, 'Iosep', 'Di Pietro');
insert into authors (id, first_name, last_name) values (9, 'Elli', 'Doumic');
insert into authors (id, first_name, last_name) values (10, 'Debra', 'Davidsohn');
insert into authors (id, first_name, last_name) values (11, 'Hal', 'Blackbourn');
insert into authors (id, first_name, last_name) values (12, 'Waverley', 'Bragge');
insert into authors (id, first_name, last_name) values (13, 'Cthrine', 'Henken');
insert into authors (id, first_name, last_name) values (14, 'Orville', 'Meffan');
insert into authors (id, first_name, last_name) values (15, 'Tera', 'Mocher');
insert into authors (id, first_name, last_name) values (16, 'Brade', 'O'' Brian');
insert into authors (id, first_name, last_name) values (17, 'Emelyne', 'Kibble');
insert into authors (id, first_name, last_name) values (18, 'Mike', 'Najara');
insert into authors (id, first_name, last_name) values (19, 'Eadmund', 'Ximenez');
insert into authors (id, first_name, last_name) values (20, 'Jimmie', 'Dickin');
insert into authors (id, first_name, last_name) values (21, 'Brennan', 'Katt');

insert into books (id, price, price_old, title, author_id) values (1, 720, 2294, 'Latlux', 6);
insert into books (id, price, price_old, title, author_id) values (2, 914, 2539, 'Gembucket', 18);
insert into books (id, price, price_old, title, author_id) values (3, 380, 2142, 'Tempsoft', 16);
insert into books (id, price, price_old, title, author_id) values (4, 893, 1188, 'Ventosanzap', 16);
insert into books (id, price, price_old, title, author_id) values (5, 622, 2293, 'Tres-Zap', 3);
insert into books (id, price, price_old, title, author_id) values (6, 410, 3133, 'Tresom', 8);
insert into books (id, price, price_old, title, author_id) values (7, 757, 1536, 'Fintone', 2);
insert into books (id, price, price_old, title, author_id) values (8, 988, 3643, 'Job', 4);
insert into books (id, price, price_old, title, author_id) values (9, 827, 647, 'Wrapsafe', 6);
insert into books (id, price, price_old, title, author_id) values (10, 549, 3813, 'Zoolab', 21);
insert into books (id, price, price_old, title, author_id) values (11, 794, 2450, 'Quo Lux', 16);
insert into books (id, price, price_old, title, author_id) values (12, 821, 1577, 'Bitwolf', 15);
insert into books (id, price, price_old, title, author_id) values (13, 476, 3943, 'It', 2);
insert into books (id, price, price_old, title, author_id) values (14, 752, 3509, 'Bitchip', 12);
insert into books (id, price, price_old, title, author_id) values (15, 821, 2158, 'Ventosanzap', 9);
insert into books (id, price, price_old, title, author_id) values (16, 702, 2011, 'Bytecard', 9);
insert into books (id, price, price_old, title, author_id) values (17, 459, 516, 'Sub-Ex', 14);
insert into books (id, price, price_old, title, author_id) values (18, 717, 1822, 'Quo Lux', 4);
insert into books (id, price, price_old, title, author_id) values (19, 627, 2221, 'Quo Lux', 2);
insert into books (id, price, price_old, title, author_id) values (20, 851, 2603, 'Quo Lux', 2);
insert into books (id, price, price_old, title, author_id) values (21, 755, 1910, 'Bitwolf', 13);

insert into users (id, name, email) values (1, 'Sonsing', 'mcurle0@psu.edu');
insert into users (id, name, email) values (2, 'Zaam-Dox', 'gschiell1@people.com.cn');
insert into users (id, name, email) values (3, 'Y-find', 'smales2@hibu.com');
insert into users (id, name, email) values (4, 'Cookley', 'ggenge3@youku.com');
insert into users (id, name, email) values (5, 'Konklux', 'gabbado4@chronoengine.com');
insert into users (id, name, email) values (6, 'Sub-Ex', 'mpride5@cloudflare.com');
insert into users (id, name, email) values (7, 'Home Ing', 'aduiguid6@reddit.com');
insert into users (id, name, email) values (8, 'Fintone', 'tplover7@issuu.com');
insert into users (id, name, email) values (9, 'Zontrax', 'mcrookall8@pinterest.com');
insert into users (id, name, email) values (10, 'Subin', 'rspellesy9@geocities.com');
insert into users (id, name, email) values (11, 'Aerified', 'rtolcharda@shinystat.com');
insert into users (id, name, email) values (12, 'Alpha', 'cdukelowb@shinystat.com');
insert into users (id, name, email) values (13, 'Zaam-Dox', 'mdowderswellc@ftc.gov');
insert into users (id, name, email) values (14, 'Stim', 'hlarchierd@sohu.com');
insert into users (id, name, email) values (15, 'Solarbreeze', 'hpetigrewe@senate.gov');

insert into user_book (user_id, book_id) values (2, 20);
insert into user_book (user_id, book_id) values (12, 8);
insert into user_book (user_id, book_id) values (15, 1);
insert into user_book (user_id, book_id) values (13, 15);
insert into user_book (user_id, book_id) values (10, 18);
insert into user_book (user_id, book_id) values (1, 10);
insert into user_book (user_id, book_id) values (3, 17);
insert into user_book (user_id, book_id) values (14, 7);
insert into user_book (user_id, book_id) values (6, 17);
insert into user_book (user_id, book_id) values (11, 6);
insert into user_book (user_id, book_id) values (14, 19);
insert into user_book (user_id, book_id) values (1, 11);
insert into user_book (user_id, book_id) values (6, 2);
insert into user_book (user_id, book_id) values (5, 19);
insert into user_book (user_id, book_id) values (9, 12);
insert into user_book (user_id, book_id) values (10, 2);
insert into user_book (user_id, book_id) values (4, 10);
insert into user_book (user_id, book_id) values (15, 9);
insert into user_book (user_id, book_id) values (15, 10);
insert into user_book (user_id, book_id) values (15, 4);
insert into user_book (user_id, book_id) values (14, 1);
insert into user_book (user_id, book_id) values (1, 18);
insert into user_book (user_id, book_id) values (10, 10);
insert into user_book (user_id, book_id) values (5, 12);
insert into user_book (user_id, book_id) values (12, 2);
insert into user_book (user_id, book_id) values (9, 9);
insert into user_book (user_id, book_id) values (8, 16);
insert into user_book (user_id, book_id) values (6, 16);
insert into user_book (user_id, book_id) values (11, 15);
insert into user_book (user_id, book_id) values (13, 8);

insert into genres (id, name) values (1, 'Action');
insert into genres (id, name) values (2, 'Drama');
insert into genres (id, name) values (3, 'Comedy');
insert into genres (id, name) values (4, 'Fantasy');
insert into genres (id, name) values (5, 'Musical');
insert into genres (id, name) values (6, 'Adventure');
insert into genres (id, name) values (7, 'Horror');
insert into genres (id, name) values (8, 'Thriller');
insert into genres (id, name) values (9, 'Sci-Fi');
insert into genres (id, name) values (10, 'War');

insert into book_genre (book_id, genre_id) values (14, 9);
insert into book_genre (book_id, genre_id) values (3, 9);
insert into book_genre (book_id, genre_id) values (3, 8);
insert into book_genre (book_id, genre_id) values (8, 10);
insert into book_genre (book_id, genre_id) values (4, 3);
insert into book_genre (book_id, genre_id) values (5, 6);
insert into book_genre (book_id, genre_id) values (14, 3);
insert into book_genre (book_id, genre_id) values (9, 10);
insert into book_genre (book_id, genre_id) values (10, 1);
insert into book_genre (book_id, genre_id) values (15, 1);
insert into book_genre (book_id, genre_id) values (7, 4);
insert into book_genre (book_id, genre_id) values (14, 4);
insert into book_genre (book_id, genre_id) values (8, 6);
insert into book_genre (book_id, genre_id) values (5, 8);
insert into book_genre (book_id, genre_id) values (20, 10);
insert into book_genre (book_id, genre_id) values (9, 7);
insert into book_genre (book_id, genre_id) values (7, 9);
insert into book_genre (book_id, genre_id) values (3, 3);
insert into book_genre (book_id, genre_id) values (21, 6);
insert into book_genre (book_id, genre_id) values (20, 9);
insert into book_genre (book_id, genre_id) values (16, 10);
insert into book_genre (book_id, genre_id) values (11, 2);
insert into book_genre (book_id, genre_id) values (12, 10);
insert into book_genre (book_id, genre_id) values (13, 7);
insert into book_genre (book_id, genre_id) values (16, 1);
insert into book_genre (book_id, genre_id) values (21, 3);
insert into book_genre (book_id, genre_id) values (20, 7);
insert into book_genre (book_id, genre_id) values (16, 3);
insert into book_genre (book_id, genre_id) values (14, 2);
insert into book_genre (book_id, genre_id) values (1, 6);
insert into book_genre (book_id, genre_id) values (10, 7);
insert into book_genre (book_id, genre_id) values (5, 9);
insert into book_genre (book_id, genre_id) values (11, 6);
insert into book_genre (book_id, genre_id) values (2, 1);
insert into book_genre (book_id, genre_id) values (13, 8);
insert into book_genre (book_id, genre_id) values (6, 2);
insert into book_genre (book_id, genre_id) values (7, 2);
insert into book_genre (book_id, genre_id) values (15, 2);
insert into book_genre (book_id, genre_id) values (18, 8);
insert into book_genre (book_id, genre_id) values (17, 4);
insert into book_genre (book_id, genre_id) values (12, 2);
insert into book_genre (book_id, genre_id) values (15, 9);
insert into book_genre (book_id, genre_id) values (7, 3);
insert into book_genre (book_id, genre_id) values (7, 5);
insert into book_genre (book_id, genre_id) values (15, 7);
insert into book_genre (book_id, genre_id) values (13, 9);
insert into book_genre (book_id, genre_id) values (9, 9);
insert into book_genre (book_id, genre_id) values (2, 2);
insert into book_genre (book_id, genre_id) values (16, 8);
insert into book_genre (book_id, genre_id) values (14, 5);

insert into documents (id, title, text) values (1, 'Mauris.mpeg', 'accumsan tortor quis turpis sed ante vivamus tortor duis mattis egestas metus aenean fermentum donec ut mauris');
insert into documents (id, title, text) values (2, 'Tincidunt.ppt', 'lorem ipsum dolor sit amet consectetuer adipiscing elit proin risus praesent lectus vestibulum quam sapien varius ut blandit non interdum in ante');
insert into documents (id, title, text) values (3, 'MusEtiamVel.png', 'magnis dis parturient montes nascetur ridiculus mus etiam vel augue vestibulum rutrum rutrum neque aenean auctor gravida sem praesent id massa id nisl venenatis lacinia aenean');
insert into documents (id, title, text) values (4, 'Felis.jpeg', 'lorem vitae mattis nibh ligula nec sem duis aliquam convallis nunc proin at turpis a pede posuere nonummy');
insert into documents (id, title, text) values (5, 'Leo.xls', 'orci luctus et ultrices posuere cubilia curae mauris viverra diam vitae quam suspendisse potenti nullam porttitor lacus at turpis donec posuere metus vitae ipsum aliquam non mauris morbi non');
insert into documents (id, title, text) values (6, 'BibendumMorbi.avi', 'tincidunt eget tempus vel pede morbi porttitor lorem id ligula suspendisse ornare consequat lectus in est risus auctor sed tristique in tempus');
insert into documents (id, title, text) values (7, 'Dis.avi', 'lectus in quam fringilla rhoncus mauris enim leo rhoncus sed vestibulum sit amet cursus id turpis integer aliquet massa id lobortis convallis tortor risus dapibus augue vel');
insert into documents (id, title, text) values (8, 'SapienQuis.avi', 'turpis donec posuere metus vitae ipsum aliquam non mauris morbi non lectus aliquam sit amet diam in magna bibendum');
insert into documents (id, title, text) values (9, 'CuraeMaurisViverra.mp3', 'quisque erat eros viverra eget congue eget semper rutrum nulla nunc purus phasellus in felis donec semper sapien a libero');
insert into documents (id, title, text) values (10, 'DuisAcNibh.xls', 'justo sollicitudin ut suscipit a feugiat et eros vestibulum ac est lacinia nisi venenatis tristique fusce');



